{"cameraMode":{"drawMode":0,"name":"Shaded","section":"Shading Mode"},"sceneLighting":true,"audioPlay":false,"sceneViewState":{"m_AlwaysRefresh":false,"showFog":true,"showSkybox":true,"showFlares":true,"showImageEffects":true,"showParticleSystems":true,"showVisualEffectGraphs":true,"m_FxEnabled":true},"in2DMode":false,"pivot":{"x":-1.7099058628082276,"y":1.1591547727584839,"z":0.046041011810302737},"rotation":{"x":-0.0467841736972332,"y":-0.018880927935242654,"z":0.0008845716365613043,"w":-0.9987279176712036},"size":2.06905198097229,"orthographic":true}